timestamp,timeframe,candle_time,open,high,low,close,supertrend,supertrend_direction,jma,jma_direction,candle_average,signal,reasons
2024-10-15T13:13:35.106097,5s,2024-10-15T13:13:30,51823.5,51829.55,51822.45,51826.75,51837.85,0.0,49392.18,1.0,51828.385714285716,Neutral,
2024-10-15T13:13:40.051941,5s,2024-10-15T13:13:35,51825.65,51828.2,51824.9,51826.45,51837.1,0.0,50527.07,1.0,51828.14375,Neutral,
2024-10-15T13:13:45.405205,5s,2024-10-15T13:13:40,51826.2,51829.7,51821.35,51821.35,51837.1,0.0,51140.1,1.0,51827.38888888889,Neutral,
2024-10-15T13:13:50.183538,5s,2024-10-15T13:13:45,51824.35,51831.45,51824.2,51829.95,51837.1,0.0,51468.4,1.0,51827.645000000004,Neutral,
2024-10-15T13:13:55.431180,5s,2024-10-15T13:13:50,51830.5,51831.0,51824.25,51824.5,51837.1,0.0,51640.9,1.0,51826.83,Neutral,
2024-10-15T13:14:00.070059,5s,2024-10-15T13:13:55,51828.2,51830.4,51828.2,51829.05,51837.1,0.0,51731.69,1.0,51827.104999999996,Neutral,
2024-10-15T13:14:05.279218,5s,2024-10-15T13:14:00,51826.9,51835.95,51826.5,51834.95,51837.1,0.0,51780.9,1.0,51827.625,Neutral,
2024-10-15T13:14:10.465097,5s,2024-10-15T13:14:05,51832.9,51835.95,51831.95,51832.25,51837.1,0.0,51806.75,1.0,51827.88,Neutral,
2024-10-15T13:14:15.248475,5s,2024-10-15T13:14:10,51831.65,51836.25,51831.5,51833.1,51837.1,0.0,51820.19,1.0,51828.24,Neutral,
2024-10-15T13:14:20.506935,5s,2024-10-15T13:14:15,51832.1,51834.65,51832.1,51834.65,51837.1,0.0,51827.46,1.0,51829.3,Neutral,
2024-10-15T13:14:25.342849,5s,2024-10-15T13:14:20,51832.55,51837.95,51830.5,51835.3,51837.1,0.0,51831.53,1.0,51830.155,Neutral,
2024-10-15T13:14:30.287336,5s,2024-10-15T13:14:25,51836.35,51839.4,51834.15,51838.5,51825.71,1.0,51834.63,1.0,51831.36,Bullish,Supertrend and JMA are bullish
2024-10-15T13:14:35.120285,5s,2024-10-15T13:14:30,51837.0,51839.55,51834.4,51839.55,51826.17,1.0,51837.08,1.0,51833.18,Bullish,Supertrend and JMA are bullish
2024-10-15T13:14:40.681396,5s,2024-10-15T13:14:35,51839.05,51839.85,51837.35,51837.9,51829.73,1.0,51838.22,1.0,51833.975,Bullish,Supertrend and JMA are bullish
2024-10-15T13:14:45.166924,5s,2024-10-15T13:14:40,51838.15,51838.85,51837.2,51837.2,51831.01,1.0,51838.35,1.0,51835.245,Bullish,Supertrend and JMA are bullish
2024-10-15T13:14:50.359655,5s,2024-10-15T13:14:45,51836.8,51837.65,51827.1,51827.1,51844.08,-1.0,51835.21,-1.0,51835.05,Bearish,Supertrend and JMA are bearish
2024-10-15T13:14:55.077697,5s,2024-10-15T13:14:50,51827.5,51830.5,51821.35,51821.35,51839.83,-1.0,51829.91,-1.0,51833.689999999995,Bearish,Supertrend and JMA are bearish
2024-10-15T13:15:00.503980,5s,2024-10-15T13:14:55,51820.25,51821.95,51815.3,51819.2,51832.33,-1.0,51824.69,-1.0,51832.384999999995,Bearish,Supertrend and JMA are bearish
2024-10-15T13:15:05.516448,5s,2024-10-15T13:15:00,51815.8,51816.05,51809.05,51811.0,51828.45,-1.0,51818.69,-1.0,51830.174999999996,Bearish,Supertrend and JMA are bearish
2024-10-15T13:15:10.091226,5s,2024-10-15T13:15:05,51810.6,51818.0,51807.95,51818.0,51828.45,-1.0,51815.95,-1.0,51828.509999999995,Bearish,Supertrend and JMA are bearish
2024-10-15T13:15:15.274635,5s,2024-10-15T13:15:10,51816.65,51823.4,51816.65,51821.1,51828.45,-1.0,51816.31,1.0,51827.090000000004,Neutral,
2024-10-15T13:15:20.222303,5s,2024-10-15T13:15:15,51824.0,51824.0,51814.4,51821.15,51828.45,-1.0,51817.77,1.0,51825.355,Neutral,
2024-10-15T13:15:25.032616,5s,2024-10-15T13:15:20,51820.6,51821.55,51815.05,51820.65,51828.45,-1.0,51819.03,1.0,51823.465000000004,Neutral,
2024-10-15T13:15:30.079931,5s,2024-10-15T13:15:25,51820.05,51825.3,51820.05,51825.3,51828.45,-1.0,51821.17,1.0,51822.205,Neutral,
2024-10-15T13:15:35.072073,5s,2024-10-15T13:15:30,51824.8,51824.8,51819.0,51819.85,51828.45,-1.0,51821.62,1.0,51820.47,Neutral,
2024-10-15T13:16:35.353787,5s,2024-10-15T13:16:30,51838.3,51838.3,51835.75,51837.85,51827.66,1.0,51837.52,1.0,51832.79499999999,Bullish,Supertrend and JMA are bullish
2024-10-15T13:16:40.534614,5s,2024-10-15T13:16:35,51838.45,51839.55,51836.85,51838.5,51830.16,1.0,51838.32,1.0,51833.955,Bullish,Supertrend and JMA are bullish
2024-10-15T13:16:45.551742,5s,2024-10-15T13:16:40,51835.1,51836.55,51833.0,51833.0,51830.16,1.0,51837.19,-1.0,51834.78999999999,Neutral,
2024-10-15T13:16:50.370442,5s,2024-10-15T13:16:45,51832.75,51834.0,51831.15,51832.25,51830.16,1.0,51835.32,-1.0,51834.954999999994,Neutral,
2024-10-15T13:16:55.345067,5s,2024-10-15T13:16:50,51830.9,51834.8,51830.7,51833.45,51830.16,1.0,51834.07,-1.0,51835.155000000006,Neutral,
2024-10-15T13:17:00.205362,5s,2024-10-15T13:16:55,51833.55,51846.7,51833.1,51843.65,51830.16,1.0,51836.35,1.0,51835.72,Bullish,Supertrend and JMA are bullish
2024-10-15T13:17:05.280870,5s,2024-10-15T13:17:00,51846.65,51847.55,51837.35,51844.05,51830.16,1.0,51839.61,1.0,51837.165,Bullish,Supertrend and JMA are bullish
2024-10-15T13:17:10.179743,5s,2024-10-15T13:17:05,51846.15,51846.4,51843.7,51846.1,51832.31,1.0,51842.79,1.0,51838.39,Bullish,Supertrend and JMA are bullish
2024-10-15T13:17:15.520495,5s,2024-10-15T13:17:10,51844.25,51848.1,51843.8,51845.1,51834.59,1.0,51844.73,1.0,51839.229999999996,Bullish,Supertrend and JMA are bullish
2024-10-15T13:17:20.323939,5s,2024-10-15T13:17:15,51845.25,51845.25,51839.5,51839.5,51834.59,1.0,51844.04,-1.0,51839.344999999994,Neutral,
2024-10-15T13:35:50.155179,5s,2024-10-15T13:35:45,51898.55,51902.2,51895.85,51902.2,51891.15,1.0,51900.53,1.0,51898.475000000006,Bullish,Supertrend and JMA are bullish
2024-10-15T13:35:55.592315,5s,2024-10-15T13:35:50,51894.5,51902.65,51894.5,51897.2,51891.15,1.0,51899.88,-1.0,51898.595,Neutral,
2024-10-15T13:36:00.240249,5s,2024-10-15T13:35:55,51899.2,51911.05,51896.9,51906.85,51891.15,1.0,51901.58,1.0,51899.64,Bullish,Supertrend and JMA are bullish
2024-10-15T13:36:05.509210,5s,2024-10-15T13:36:00,51906.6,51913.5,51906.6,51913.5,51893.38,1.0,51905.79,1.0,51901.39,Bullish,Supertrend and JMA are bullish
2024-10-15T13:36:10.458236,5s,2024-10-15T13:36:05,51910.55,51910.55,51906.7,51908.5,51893.38,1.0,51908.39,1.0,51902.54,Bullish,Supertrend and JMA are bullish
2024-10-15T13:36:15.197546,5s,2024-10-15T13:36:10,51907.65,51911.6,51905.0,51905.0,51893.47,1.0,51908.43,1.0,51903.285,Bullish,Supertrend and JMA are bullish
2024-10-15T13:36:20.075141,5s,2024-10-15T13:36:15,51911.15,51916.55,51907.6,51909.8,51896.22,1.0,51910.71,1.0,51904.275,Bullish,Supertrend and JMA are bullish
2024-10-15T13:36:25.321886,5s,2024-10-15T13:36:20,51909.7,51911.45,51908.6,51909.55,51897.56,1.0,51910.7,-1.0,51904.985,Neutral,
2024-10-15T13:36:30.200402,5s,2024-10-15T13:36:25,51908.95,51912.45,51908.95,51910.3,51900.05,1.0,51910.66,-1.0,51906.134999999995,Neutral,
2024-10-15T13:36:35.513361,5s,2024-10-15T13:36:30,51910.6,51914.85,51910.4,51914.75,51902.49,1.0,51911.89,1.0,51907.765,Bullish,Supertrend and JMA are bullish
2024-10-15T13:36:40.561249,5s,2024-10-15T13:36:35,51913.25,51915.3,51911.8,51913.0,51904.46,1.0,51912.83,1.0,51908.844999999994,Bullish,Supertrend and JMA are bullish
2024-10-15T13:36:45.111859,5s,2024-10-15T13:36:40,51910.4,51918.35,51908.15,51918.3,51904.46,1.0,51914.79,1.0,51910.955,Bullish,Supertrend and JMA are bullish
2024-10-15T13:36:50.153383,5s,2024-10-15T13:36:45,51918.1,51918.1,51911.85,51916.7,51904.46,1.0,51916.22,1.0,51911.939999999995,Bullish,Supertrend and JMA are bullish
2024-10-15T13:36:55.253660,5s,2024-10-15T13:36:50,51916.85,51918.75,51911.2,51914.1,51904.46,1.0,51916.22,1.0,51911.99999999999,Bullish,Supertrend and JMA are bullish
2024-10-15T13:37:00.446654,5s,2024-10-15T13:36:55,51911.9,51915.5,51908.9,51910.65,51904.46,1.0,51914.64,-1.0,51912.215000000004,Neutral,
2024-10-15T13:37:05.120737,5s,2024-10-15T13:37:00,51908.75,51912.0,51905.7,51911.4,51904.46,1.0,51913.09,-1.0,51912.855,Neutral,
2024-10-15T13:37:10.468335,5s,2024-10-15T13:37:05,51911.85,51912.2,51907.7,51908.3,51904.46,1.0,51911.16,-1.0,51912.705,Neutral,
2024-10-15T13:37:15.472498,5s,2024-10-15T13:37:10,51907.8,51909.35,51906.3,51908.55,51904.46,1.0,51909.64,-1.0,51912.604999999996,Neutral,
2024-10-15T13:37:20.390924,5s,2024-10-15T13:37:15,51908.25,51908.25,51900.9,51907.65,51904.46,1.0,51908.47,-1.0,51912.340000000004,Neutral,
2024-10-15T13:37:25.441212,5s,2024-10-15T13:37:20,51907.5,51907.5,51902.9,51903.0,51916.16,-1.0,51906.42,-1.0,51911.165,Bearish,Supertrend and JMA are bearish
2024-10-15T13:37:30.106320,5s,2024-10-15T13:37:25,51903.1,51906.75,51903.1,51903.65,51914.73,-1.0,51904.72,-1.0,51910.23,Bearish,Supertrend and JMA are bearish
2024-10-15T13:37:35.239173,5s,2024-10-15T13:37:30,51904.45,51904.45,51902.0,51902.35,51911.4,-1.0,51903.32,-1.0,51908.634999999995,Bearish,Supertrend and JMA are bearish
2024-10-15T13:37:40.148868,5s,2024-10-15T13:37:35,51901.85,51903.45,51901.05,51901.05,51909.3,-1.0,51902.05,-1.0,51907.07,Bearish,Supertrend and JMA are bearish
2024-10-15T13:37:45.438736,5s,2024-10-15T13:37:40,51900.9,51902.4,51899.25,51901.65,51907.62,-1.0,51901.35,-1.0,51905.825000000004,Bearish,Supertrend and JMA are bearish
2024-10-15T13:37:50.522220,5s,2024-10-15T13:37:45,51900.25,51902.65,51899.75,51901.95,51907.62,-1.0,51901.19,-1.0,51904.955,Bearish,Supertrend and JMA are bearish
2024-10-15T13:37:55.113253,5s,2024-10-15T13:37:50,51900.6,51909.75,51900.1,51909.75,51895.2,1.0,51903.5,1.0,51904.79,Bullish,Supertrend and JMA are bullish
2024-10-15T13:38:00.148752,5s,2024-10-15T13:37:55,51908.35,51910.15,51901.0,51906.3,51895.2,1.0,51905.27,1.0,51904.590000000004,Bullish,Supertrend and JMA are bullish
2024-10-15T13:38:05.483657,5s,2024-10-15T13:38:00,51905.25,51907.6,51900.6,51905.35,51895.2,1.0,51905.92,1.0,51904.270000000004,Bullish,Supertrend and JMA are bullish
2024-10-15T13:38:10.420772,5s,2024-10-15T13:38:05,51907.55,51911.1,51903.55,51909.0,51895.2,1.0,51907.01,1.0,51904.40499999999,Bullish,Supertrend and JMA are bullish
2024-10-15T13:38:15.176955,5s,2024-10-15T13:38:10,51909.3,51913.3,51906.15,51910.6,51895.6,1.0,51908.51,1.0,51905.16499999999,Bullish,Supertrend and JMA are bullish
2024-10-15T13:38:20.527437,5s,2024-10-15T13:38:15,51912.55,51914.6,51908.25,51908.25,51897.77,1.0,51909.09,1.0,51905.62499999999,Bullish,Supertrend and JMA are bullish
2024-10-15T13:38:25.153821,5s,2024-10-15T13:38:20,51913.0,51913.0,51904.4,51904.4,51897.77,1.0,51907.99,-1.0,51905.83,Neutral,
2024-10-15T13:38:30.540501,5s,2024-10-15T13:38:25,51909.3,51912.25,51904.85,51908.2,51897.77,1.0,51907.58,-1.0,51906.545,Neutral,
2024-10-15T13:38:35.484259,5s,2024-10-15T13:38:30,51908.0,51912.75,51905.25,51906.7,51897.77,1.0,51907.24,-1.0,51907.05,Neutral,
2024-10-15T13:38:40.288224,5s,2024-10-15T13:38:35,51905.5,51915.9,51905.5,51914.55,51897.77,1.0,51909.2,1.0,51908.310000000005,Bullish,Supertrend and JMA are bullish
2024-10-15T13:38:45.068940,5s,2024-10-15T13:38:40,51915.9,51916.3,51913.9,51913.9,51902.17,1.0,51911.44,1.0,51908.725000000006,Bullish,Supertrend and JMA are bullish
2024-10-15T13:38:50.382728,5s,2024-10-15T13:38:45,51914.05,51915.3,51912.9,51915.15,51903.88,1.0,51913.4,1.0,51909.61,Bullish,Supertrend and JMA are bullish
2024-10-15T13:38:55.127008,5s,2024-10-15T13:38:50,51915.0,51916.6,51913.8,51914.3,51906.52,1.0,51914.46,1.0,51910.505000000005,Bullish,Supertrend and JMA are bullish
2024-10-15T13:39:00.436817,5s,2024-10-15T13:38:55,51914.8,51916.05,51910.65,51910.65,51906.52,1.0,51913.82,-1.0,51910.670000000006,Neutral,
2024-10-15T13:39:05.333799,5s,2024-10-15T13:39:00,51910.95,51918.45,51910.85,51918.45,51906.52,1.0,51914.87,1.0,51911.455,Bullish,Supertrend and JMA are bullish
2024-10-15T13:39:10.270659,5s,2024-10-15T13:39:05,51918.55,51920.85,51914.7,51920.15,51906.52,1.0,51916.94,1.0,51912.645000000004,Bullish,Supertrend and JMA are bullish
2024-10-15T13:39:15.336985,5s,2024-10-15T13:39:10,51922.55,51925.7,51920.4,51920.4,51911.52,1.0,51918.84,1.0,51914.24500000001,Bullish,Supertrend and JMA are bullish
2024-10-15T13:39:20.317225,5s,2024-10-15T13:39:15,51920.0,51927.05,51920.0,51926.75,51911.52,1.0,51921.89,1.0,51916.100000000006,Bullish,Supertrend and JMA are bullish
2024-10-15T13:39:25.307500,5s,2024-10-15T13:39:20,51926.05,51926.05,51922.7,51923.45,51913.42,1.0,51923.68,1.0,51917.77500000001,Bullish,Supertrend and JMA are bullish
2024-10-15T13:39:30.248890,5s,2024-10-15T13:39:25,51922.9,51925.1,51921.35,51921.95,51913.42,1.0,51923.93,1.0,51918.51500000001,Bullish,Supertrend and JMA are bullish
2024-10-15T13:39:35.183385,5s,2024-10-15T13:39:30,51920.85,51925.05,51920.45,51921.1,51913.42,1.0,51923.26,-1.0,51919.235,Neutral,
2024-10-15T13:39:40.491423,5s,2024-10-15T13:39:35,51921.15,51922.3,51916.4,51920.2,51913.42,1.0,51922.18,-1.0,51919.740000000005,Neutral,
2024-10-15T13:39:45.267461,5s,2024-10-15T13:39:40,51918.0,51923.7,51916.15,51916.15,51913.42,1.0,51920.1,-1.0,51919.925,Neutral,
2024-10-15T13:39:50.086959,5s,2024-10-15T13:39:45,51916.45,51922.1,51916.45,51919.9,51913.42,1.0,51919.21,-1.0,51920.850000000006,Neutral,
2024-10-15T13:39:55.539017,5s,2024-10-15T13:39:50,51918.1,51922.25,51917.95,51917.95,51913.42,1.0,51918.57,-1.0,51920.8,Neutral,
2024-10-15T13:40:00.089954,5s,2024-10-15T13:39:55,51917.85,51917.85,51914.2,51914.6,51913.42,1.0,51917.18,-1.0,51920.245,Neutral,
2024-10-15T13:40:05.368944,5s,2024-10-15T13:40:00,51915.55,51916.6,51914.4,51915.15,51913.42,1.0,51915.98,-1.0,51919.72000000001,Neutral,
2024-10-15T13:40:10.319420,5s,2024-10-15T13:40:05,51916.5,51920.1,51910.45,51916.6,51913.42,1.0,51915.65,-1.0,51918.705,Neutral,
2024-10-15T13:40:15.491144,5s,2024-10-15T13:40:10,51914.4,51918.25,51912.85,51915.55,51913.42,1.0,51915.49,-1.0,51917.91499999999,Neutral,
2024-10-15T13:40:20.086788,5s,2024-10-15T13:40:15,51914.8,51917.3,51912.7,51912.7,51923.44,-1.0,51914.59,-1.0,51916.99,Bearish,Supertrend and JMA are bearish
2024-10-15T13:40:25.062509,5s,2024-10-15T13:40:20,51912.35,51917.25,51910.95,51917.25,51913.42,1.0,51915.45,1.0,51916.604999999996,Bullish,Supertrend and JMA are bullish
2024-10-15T13:40:30.508122,5s,2024-10-15T13:40:25,51915.05,51915.05,51907.65,51912.15,51923.44,-1.0,51914.68,-1.0,51915.8,Bearish,Supertrend and JMA are bearish
2024-10-15T13:40:35.412556,5s,2024-10-15T13:40:30,51912.35,51921.7,51911.95,51921.7,51923.44,-1.0,51916.27,1.0,51916.355,Neutral,
2024-10-15T13:40:40.187470,5s,2024-10-15T13:40:35,51916.55,51921.85,51915.95,51915.95,51923.44,-1.0,51916.92,1.0,51915.96000000001,Neutral,
2024-10-15T13:40:45.182160,5s,2024-10-15T13:40:40,51914.3,51922.55,51914.3,51922.55,51923.44,-1.0,51918.71,1.0,51916.420000000006,Neutral,
2024-10-15T13:40:50.302337,5s,2024-10-15T13:40:45,51923.2,51923.3,51917.7,51917.7,51923.44,-1.0,51919.2,1.0,51916.73,Neutral,
2024-10-15T13:40:55.380964,5s,2024-10-15T13:40:50,51918.15,51925.2,51918.15,51924.7,51907.46,1.0,51920.92,1.0,51917.685,Bullish,Supertrend and JMA are bullish
2024-10-15T13:41:00.435822,5s,2024-10-15T13:40:55,51921.6,51929.25,51920.0,51921.05,51908.98,1.0,51921.74,1.0,51918.13,Bullish,Supertrend and JMA are bullish
2024-10-15T13:41:05.436222,5s,2024-10-15T13:41:00,51920.4,51924.1,51919.4,51922.1,51908.98,1.0,51922.17,1.0,51918.784999999996,Bullish,Supertrend and JMA are bullish
2024-10-15T13:41:10.102642,5s,2024-10-15T13:41:05,51917.5,51920.55,51916.85,51919.45,51908.98,1.0,51921.6,-1.0,51919.46,Neutral,
2024-10-15T13:41:15.084528,5s,2024-10-15T13:41:10,51922.05,51924.75,51920.45,51923.2,51910.7,1.0,51921.84,1.0,51920.055,Bullish,Supertrend and JMA are bullish
2024-10-15T13:41:20.420130,5s,2024-10-15T13:41:15,51924.3,51925.05,51922.65,51924.65,51914.32,1.0,51922.81,1.0,51921.30500000001,Bullish,Supertrend and JMA are bullish
2024-10-15T13:41:25.378268,5s,2024-10-15T13:41:20,51922.3,51922.7,51920.45,51920.75,51914.32,1.0,51922.68,-1.0,51921.21000000001,Neutral,
2024-10-15T13:41:30.475579,5s,2024-10-15T13:41:25,51920.65,51921.4,51912.65,51921.4,51914.32,1.0,51922.23,-1.0,51921.755000000005,Neutral,
2024-10-15T13:41:35.389331,5s,2024-10-15T13:41:30,51920.0,51924.25,51918.15,51918.55,51914.32,1.0,51921.02,-1.0,51921.355,Neutral,
2024-10-15T13:41:40.420106,5s,2024-10-15T13:41:35,51922.9,51923.9,51918.65,51918.65,51914.32,1.0,51919.85,-1.0,51921.450000000004,Neutral,
2024-10-15T13:41:45.270577,5s,2024-10-15T13:41:40,51920.4,51921.0,51913.05,51914.75,51914.32,1.0,51917.94,-1.0,51920.455,Neutral,
2024-10-15T13:41:50.313077,5s,2024-10-15T13:41:45,51914.35,51920.5,51913.9,51920.5,51914.32,1.0,51917.85,-1.0,51920.4,Neutral,
2024-10-15T13:41:55.260922,5s,2024-10-15T13:41:50,51918.0,51922.55,51916.7,51919.0,51914.32,1.0,51918.2,1.0,51920.090000000004,Bullish,Supertrend and JMA are bullish
2024-10-15T13:42:00.546662,5s,2024-10-15T13:41:55,51918.85,51924.3,51915.35,51923.2,51914.32,1.0,51919.73,1.0,51920.465000000004,Bullish,Supertrend and JMA are bullish
2024-10-15T13:42:05.370086,5s,2024-10-15T13:42:00,51921.1,51926.65,51920.05,51926.65,51914.32,1.0,51922.32,1.0,51920.810000000005,Bullish,Supertrend and JMA are bullish
2024-10-15T13:42:10.150805,5s,2024-10-15T13:42:05,51927.0,51929.85,51927.0,51929.4,51916.97,1.0,51925.4,1.0,51921.285,Bullish,Supertrend and JMA are bullish
2024-10-15T13:42:15.315482,5s,2024-10-15T13:42:10,51931.2,51931.35,51926.65,51926.65,51918.23,1.0,51927.03,1.0,51921.87500000001,Bullish,Supertrend and JMA are bullish
2024-10-15T13:42:20.262319,5s,2024-10-15T13:42:15,51926.1,51929.25,51922.95,51924.05,51918.23,1.0,51926.81,-1.0,51922.14000000001,Neutral,
2024-10-15T13:42:25.368093,5s,2024-10-15T13:42:20,51924.45,51932.85,51924.25,51927.9,51918.23,1.0,51927.03,1.0,51923.075000000004,Bullish,Supertrend and JMA are bullish
2024-10-15T13:42:30.264132,5s,2024-10-15T13:42:25,51927.3,51928.95,51925.4,51928.95,51918.23,1.0,51927.77,1.0,51924.105,Bullish,Supertrend and JMA are bullish
2024-10-15T13:42:35.077791,5s,2024-10-15T13:42:30,51927.1,51927.45,51918.4,51918.4,51918.23,1.0,51925.49,-1.0,51924.47000000001,Neutral,
2024-10-15T13:42:40.234248,5s,2024-10-15T13:42:35,51918.6,51918.6,51911.5,51915.95,51929.51,-1.0,51921.77,-1.0,51924.01500000001,Bearish,Supertrend and JMA are bearish
2024-10-15T13:42:45.145986,5s,2024-10-15T13:42:40,51915.45,51916.75,51909.4,51913.0,51927.62,-1.0,51917.77,-1.0,51923.41500000001,Bearish,Supertrend and JMA are bearish
2024-10-15T13:42:50.031951,5s,2024-10-15T13:42:45,51911.15,51917.8,51911.15,51914.65,51927.62,-1.0,51915.26,-1.0,51922.560000000005,Bearish,Supertrend and JMA are bearish
2024-10-15T13:42:55.459435,5s,2024-10-15T13:42:50,51918.2,51921.1,51913.5,51913.5,51927.62,-1.0,51913.76,-1.0,51921.24500000001,Bearish,Supertrend and JMA are bearish
2024-10-15T13:43:00.150587,5s,2024-10-15T13:42:55,51909.65,51912.75,51904.95,51904.95,51924.21,-1.0,51910.6,-1.0,51918.8,Bearish,Supertrend and JMA are bearish
2024-10-15T13:43:05.103450,5s,2024-10-15T13:43:00,51902.85,51913.45,51902.85,51911.6,51924.21,-1.0,51909.41,-1.0,51917.295,Bearish,Supertrend and JMA are bearish
2024-10-15T13:43:10.465561,5s,2024-10-15T13:43:05,51917.95,51917.95,51908.1,51911.45,51924.21,-1.0,51909.5,1.0,51916.035,Neutral,
2024-10-15T13:43:15.135903,5s,2024-10-15T13:43:10,51912.1,51915.9,51911.85,51913.5,51924.21,-1.0,51910.6,1.0,51914.594999999994,Neutral,
2024-10-15T13:43:20.183406,5s,2024-10-15T13:43:15,51913.9,51926.0,51913.9,51916.3,51924.21,-1.0,51912.59,1.0,51913.33,Neutral,
2024-10-15T13:43:25.139375,5s,2024-10-15T13:43:20,51918.2,51918.55,51912.55,51912.55,51924.21,-1.0,51913.34,1.0,51912.744999999995,Neutral,
2024-10-15T13:43:30.470789,5s,2024-10-15T13:43:25,51910.75,51914.7,51909.05,51912.7,51924.21,-1.0,51913.36,1.0,51912.42,Neutral,
2024-10-15T13:43:35.459343,5s,2024-10-15T13:43:30,51914.1,51915.45,51909.3,51910.0,51924.21,-1.0,51912.38,-1.0,51912.119999999995,Bearish,Supertrend and JMA are bearish
2024-10-15T13:43:40.283577,5s,2024-10-15T13:43:35,51911.3,51913.35,51908.1,51910.25,51923.44,-1.0,51911.35,-1.0,51911.68,Bearish,Supertrend and JMA are bearish
2024-10-15T13:43:45.394699,5s,2024-10-15T13:43:40,51910.95,51912.85,51910.0,51911.6,51921.8,-1.0,51911.01,-1.0,51911.49,Bearish,Supertrend and JMA are bearish
2024-10-15T13:43:50.058185,5s,2024-10-15T13:43:45,51910.95,51914.65,51910.95,51913.8,51921.8,-1.0,51911.69,1.0,51912.37499999999,Neutral,
2024-10-15T13:43:55.415858,5s,2024-10-15T13:43:50,51913.9,51914.55,51911.5,51912.45,51921.32,-1.0,51912.21,1.0,51912.46,Neutral,
2024-10-15T13:44:00.435043,5s,2024-10-15T13:43:55,51912.25,51916.95,51911.2,51914.75,51921.32,-1.0,51913.1,1.0,51912.78999999999,Neutral,
2024-10-15T13:44:05.445484,5s,2024-10-15T13:44:00,51912.95,51917.8,51912.95,51916.05,51921.32,-1.0,51914.32,1.0,51913.045,Neutral,
2024-10-15T13:44:10.193938,5s,2024-10-15T13:44:05,51913.6,51917.35,51910.95,51915.7,51921.32,-1.0,51915.21,1.0,51912.985,Neutral,
2024-10-15T13:44:15.344652,5s,2024-10-15T13:44:10,51915.85,51915.85,51911.1,51913.25,51921.32,-1.0,51915.02,-1.0,51913.05500000001,Bearish,Supertrend and JMA are bearish
2024-10-15T13:44:20.389437,5s,2024-10-15T13:44:15,51913.65,51915.65,51910.3,51910.3,51921.32,-1.0,51913.58,-1.0,51912.815,Bearish,Supertrend and JMA are bearish
2024-10-15T13:44:25.514340,5s,2024-10-15T13:44:20,51907.4,51910.4,51906.45,51908.9,51917.98,-1.0,51911.65,-1.0,51912.705,Bearish,Supertrend and JMA are bearish
2024-10-15T13:44:30.395811,5s,2024-10-15T13:44:25,51905.25,51910.85,51904.6,51905.15,51917.98,-1.0,51909.03,-1.0,51912.195,Bearish,Supertrend and JMA are bearish
2024-10-15T13:44:35.296654,5s,2024-10-15T13:44:30,51905.05,51907.2,51903.1,51906.65,51914.91,-1.0,51907.27,-1.0,51911.700000000004,Bearish,Supertrend and JMA are bearish
2024-10-15T13:44:40.209283,5s,2024-10-15T13:44:35,51905.05,51907.3,51905.05,51907.2,51914.18,-1.0,51906.54,-1.0,51911.04000000001,Bearish,Supertrend and JMA are bearish
2024-10-15T13:44:45.042983,5s,2024-10-15T13:44:40,51908.55,51914.05,51908.55,51912.7,51914.18,-1.0,51907.98,1.0,51911.06500000001,Neutral,
2024-10-15T13:44:50.470561,5s,2024-10-15T13:44:45,51912.6,51921.75,51912.6,51919.0,51904.47,1.0,51911.72,1.0,51911.490000000005,Bullish,Supertrend and JMA are bullish
2024-10-15T13:44:55.326205,5s,2024-10-15T13:44:50,51920.6,51926.65,51920.6,51924.05,51910.06,1.0,51916.76,1.0,51912.29,Bullish,Supertrend and JMA are bullish
2024-10-15T13:45:00.168610,5s,2024-10-15T13:44:55,51922.55,51924.35,51921.25,51922.8,51911.69,1.0,51920.53,1.0,51913.0,Bullish,Supertrend and JMA are bullish
2024-10-15T13:45:05.400077,5s,2024-10-15T13:45:00,51922.95,51926.65,51921.85,51926.65,51913.64,1.0,51923.9,1.0,51914.340000000004,Bullish,Supertrend and JMA are bullish
2024-10-15T13:45:10.488375,5s,2024-10-15T13:45:05,51925.4,51925.6,51921.75,51923.25,51913.64,1.0,51925.1,1.0,51915.635,Bullish,Supertrend and JMA are bullish
2024-10-15T13:45:15.267551,5s,2024-10-15T13:45:10,51924.2,51926.15,51920.1,51922.5,51913.64,1.0,51924.89,-1.0,51916.995,Neutral,
2024-10-15T13:45:20.087414,5s,2024-10-15T13:45:15,51922.6,51925.55,51922.35,51922.8,51914.53,1.0,51924.3,-1.0,51918.759999999995,Neutral,
2024-10-15T13:45:25.212086,5s,2024-10-15T13:45:20,51924.2,51924.85,51922.5,51923.65,51915.83,1.0,51923.99,-1.0,51920.46000000001,Neutral,
2024-10-15T13:45:30.053538,5s,2024-10-15T13:45:25,51923.45,51924.35,51921.9,51921.9,51916.26,1.0,51923.38,-1.0,51921.93,Neutral,
2024-10-15T13:45:35.465873,5s,2024-10-15T13:45:30,51922.55,51924.85,51920.9,51924.85,51916.26,1.0,51923.6,1.0,51923.145000000004,Bullish,Supertrend and JMA are bullish
2024-10-15T13:45:40.327876,5s,2024-10-15T13:45:35,51924.65,51926.9,51923.75,51924.2,51918.42,1.0,51923.93,1.0,51923.665,Bullish,Supertrend and JMA are bullish
2024-10-15T13:45:45.322845,5s,2024-10-15T13:45:40,51922.75,51927.0,51922.75,51924.35,51918.42,1.0,51924.21,1.0,51923.695,Bullish,Supertrend and JMA are bullish
2024-10-15T13:45:50.231013,5s,2024-10-15T13:45:45,51924.0,51930.75,51924.0,51925.95,51918.42,1.0,51924.83,1.0,51924.009999999995,Bullish,Supertrend and JMA are bullish
2024-10-15T13:45:55.119608,5s,2024-10-15T13:45:50,51924.8,51925.35,51921.65,51922.55,51918.42,1.0,51924.46,-1.0,51923.59999999999,Neutral,
2024-10-15T13:46:00.328703,5s,2024-10-15T13:45:55,51921.05,51927.6,51921.05,51923.75,51918.42,1.0,51923.46,-1.0,51923.65,Neutral,
2024-10-15T13:46:05.250531,5s,2024-10-15T13:46:00,51922.55,51932.9,51922.55,51932.9,51918.42,1.0,51925.99,1.0,51924.69,Bullish,Supertrend and JMA are bullish
2024-10-15T13:46:10.094357,5s,2024-10-15T13:46:05,51938.65,51941.45,51936.15,51938.9,51923.53,1.0,51930.82,1.0,51926.3,Bullish,Supertrend and JMA are bullish
2024-10-15T13:46:15.412461,5s,2024-10-15T13:46:10,51938.05,51940.25,51935.25,51936.7,51924.23,1.0,51934.53,1.0,51927.605,Bullish,Supertrend and JMA are bullish
2024-10-15T13:46:20.521682,5s,2024-10-15T13:46:15,51936.75,51937.65,51933.05,51933.75,51924.23,1.0,51935.78,1.0,51928.79,Bullish,Supertrend and JMA are bullish
2024-10-15T13:46:25.080281,5s,2024-10-15T13:46:20,51937.25,51938.85,51933.45,51937.95,51924.5,1.0,51936.89,1.0,51930.100000000006,Bullish,Supertrend and JMA are bullish
2024-10-15T13:46:30.152320,5s,2024-10-15T13:46:25,51939.6,51940.7,51935.3,51938.95,51926.63,1.0,51938.04,1.0,51931.575,Bullish,Supertrend and JMA are bullish
2024-10-15T13:46:35.407339,5s,2024-10-15T13:46:30,51935.3,51940.8,51934.55,51940.55,51926.63,1.0,51939.34,1.0,51933.195,Bullish,Supertrend and JMA are bullish
2024-10-15T13:46:40.335065,5s,2024-10-15T13:46:35,51939.25,51944.15,51937.65,51938.0,51928.74,1.0,51939.59,1.0,51934.4,Bullish,Supertrend and JMA are bullish
2024-10-15T13:46:45.183686,5s,2024-10-15T13:46:40,51938.15,51942.85,51936.05,51942.0,51928.74,1.0,51940.42,1.0,51936.345,Bullish,Supertrend and JMA are bullish
2024-10-15T13:46:50.451147,5s,2024-10-15T13:46:45,51944.3,51944.9,51934.35,51940.05,51928.74,1.0,51940.76,1.0,51937.975,Bullish,Supertrend and JMA are bullish
2024-10-15T13:46:55.511130,5s,2024-10-15T13:46:50,51939.95,51940.6,51934.25,51937.85,51928.74,1.0,51940.12,-1.0,51938.469999999994,Neutral,
2024-10-15T13:47:00.450898,5s,2024-10-15T13:46:55,51938.8,51938.8,51933.6,51935.55,51928.74,1.0,51938.58,-1.0,51938.134999999995,Neutral,
2024-10-15T13:47:05.537960,5s,2024-10-15T13:47:00,51935.95,51940.4,51932.15,51940.4,51928.74,1.0,51938.49,-1.0,51938.505,Neutral,
2024-10-15T13:47:10.422285,5s,2024-10-15T13:47:05,51940.5,51940.5,51929.35,51934.5,51928.74,1.0,51937.42,-1.0,51938.58,Neutral,
2024-10-15T13:47:15.394666,5s,2024-10-15T13:47:10,51933.9,51940.4,51933.9,51937.9,51928.74,1.0,51937.07,-1.0,51938.575,Neutral,
2024-10-15T13:47:20.491141,5s,2024-10-15T13:47:15,51939.35,51944.1,51936.85,51944.1,51928.74,1.0,51938.96,1.0,51939.090000000004,Bullish,Supertrend and JMA are bullish
2024-10-15T13:47:25.362877,5s,2024-10-15T13:47:20,51946.9,51946.9,51937.85,51943.15,51928.74,1.0,51940.99,1.0,51939.350000000006,Bullish,Supertrend and JMA are bullish
2024-10-15T13:47:30.536832,5s,2024-10-15T13:47:25,51943.85,51944.85,51938.65,51940.5,51928.74,1.0,51941.65,1.0,51939.6,Bullish,Supertrend and JMA are bullish
2024-10-15T13:47:35.398661,5s,2024-10-15T13:47:30,51938.95,51943.25,51937.65,51941.9,51928.74,1.0,51941.94,1.0,51939.590000000004,Bullish,Supertrend and JMA are bullish
2024-10-15T13:47:40.479063,5s,2024-10-15T13:47:35,51941.8,51945.2,51940.3,51942.05,51930.36,1.0,51942.11,1.0,51939.79,Bullish,Supertrend and JMA are bullish
2024-10-15T13:47:45.302486,5s,2024-10-15T13:47:40,51941.45,51942.45,51935.4,51935.4,51930.36,1.0,51940.31,-1.0,51939.545000000006,Neutral,
2024-10-15T13:47:50.504202,5s,2024-10-15T13:47:45,51931.35,51934.95,51928.5,51934.2,51930.36,1.0,51937.8,-1.0,51939.41,Neutral,
2024-10-15T13:47:55.050702,5s,2024-10-15T13:47:50,51934.75,51936.4,51928.45,51932.25,51930.36,1.0,51935.21,-1.0,51938.595,Neutral,
2024-10-15T13:48:00.376020,5s,2024-10-15T13:47:55,51932.9,51933.3,51927.15,51932.15,51930.36,1.0,51933.29,-1.0,51938.36,Neutral,
2024-10-15T13:48:05.384465,5s,2024-10-15T13:48:00,51931.1,51932.0,51926.85,51930.35,51941.97,-1.0,51931.67,-1.0,51937.605,Bearish,Supertrend and JMA are bearish
2024-10-15T13:48:10.343828,5s,2024-10-15T13:48:05,51931.3,51931.35,51927.85,51927.85,51940.3,-1.0,51929.87,-1.0,51935.979999999996,Bearish,Supertrend and JMA are bearish
2024-10-15T13:48:15.334463,5s,2024-10-15T13:48:10,51928.8,51929.05,51922.25,51927.2,51937.31,-1.0,51928.3,-1.0,51934.384999999995,Bearish,Supertrend and JMA are bearish
2024-10-15T13:48:20.521434,5s,2024-10-15T13:48:15,51925.45,51930.05,51922.6,51924.1,51937.31,-1.0,51926.4,-1.0,51932.744999999995,Bearish,Supertrend and JMA are bearish
2024-10-15T13:48:25.290437,5s,2024-10-15T13:48:20,51924.85,51927.5,51920.1,51924.95,51937.23,-1.0,51925.12,-1.0,51931.05,Bearish,Supertrend and JMA are bearish
2024-10-15T13:48:30.559435,5s,2024-10-15T13:48:25,51925.45,51926.15,51918.05,51918.3,51936.45,-1.0,51922.6,-1.0,51928.675,Bearish,Supertrend and JMA are bearish
2024-10-15T13:48:35.538194,5s,2024-10-15T13:48:30,51920.15,51920.6,51913.45,51914.75,51931.36,-1.0,51919.21,-1.0,51926.61,Bearish,Supertrend and JMA are bearish
2024-10-15T13:48:40.184517,5s,2024-10-15T13:48:35,51915.3,51917.1,51913.95,51914.85,51927.18,-1.0,51916.47,-1.0,51924.674999999996,Bearish,Supertrend and JMA are bearish
2024-10-15T13:48:45.133212,5s,2024-10-15T13:48:40,51914.05,51914.05,51910.5,51910.5,51922.95,-1.0,51913.6,-1.0,51922.49999999999,Bearish,Supertrend and JMA are bearish
2024-10-15T13:48:50.507521,5s,2024-10-15T13:48:45,51911.05,51914.4,51911.05,51914.4,51922.44,-1.0,51912.54,-1.0,51920.725,Bearish,Supertrend and JMA are bearish
2024-10-15T13:48:57.789860,5s,2024-10-15T13:48:50,51914.5,51917.7,51910.65,51912.35,51922.95,-1.0,51912.15,-1.0,51918.924999999996,Bearish,Supertrend and JMA are bearish
2024-10-15T13:49:00.381794,5s,2024-10-15T13:48:55,51916.7,51917.1,51907.6,51912.4,51922.95,-1.0,51911.89,-1.0,51917.38,Bearish,Supertrend and JMA are bearish
2024-10-15T13:49:05.519747,5s,2024-10-15T13:49:00,51911.1,51911.1,51904.1,51905.65,51922.54,-1.0,51909.9,-1.0,51915.225,Bearish,Supertrend and JMA are bearish
2024-10-15T13:49:10.438737,5s,2024-10-15T13:49:05,51905.9,51905.9,51895.55,51897.95,51917.58,-1.0,51905.53,-1.0,51912.61,Bearish,Supertrend and JMA are bearish
2024-10-15T13:49:15.254214,5s,2024-10-15T13:49:10,51898.15,51899.75,51895.85,51899.75,51911.64,-1.0,51901.95,-1.0,51910.090000000004,Bearish,Supertrend and JMA are bearish
2024-10-15T13:49:20.139144,5s,2024-10-15T13:49:15,51899.55,51903.25,51895.3,51898.55,51911.64,-1.0,51899.49,-1.0,51908.115000000005,Bearish,Supertrend and JMA are bearish
2024-10-15T13:49:25.403028,5s,2024-10-15T13:49:20,51895.8,51902.45,51895.8,51898.05,51911.64,-1.0,51897.98,-1.0,51906.445,Bearish,Supertrend and JMA are bearish
2024-10-15T13:49:30.194359,5s,2024-10-15T13:49:25,51898.1,51899.65,51896.0,51896.0,51909.67,-1.0,51896.72,-1.0,51904.56,Bearish,Supertrend and JMA are bearish
2024-10-15T13:49:35.548426,5s,2024-10-15T13:49:30,51896.7,51903.0,51896.7,51899.9,51909.67,-1.0,51896.97,1.0,51903.5,Neutral,
2024-10-15T13:49:40.321943,5s,2024-10-15T13:49:35,51897.65,51899.8,51897.65,51898.8,51908.6,-1.0,51897.53,1.0,51901.939999999995,Neutral,
2024-10-15T13:49:45.358600,5s,2024-10-15T13:49:40,51898.5,51902.25,51897.3,51899.95,51908.6,-1.0,51898.34,1.0,51900.7,Neutral,
2024-10-15T13:49:50.542431,5s,2024-10-15T13:49:45,51900.45,51902.25,51897.15,51898.25,51908.6,-1.0,51898.57,1.0,51899.285,Neutral,
2024-10-15T13:49:55.488700,5s,2024-10-15T13:49:50,51900.35,51905.05,51898.75,51898.75,51908.6,-1.0,51898.63,1.0,51898.595,Neutral,
2024-10-15T13:50:00.389075,5s,2024-10-15T13:49:55,51898.6,51898.8,51895.2,51897.15,51906.86,-1.0,51898.21,-1.0,51898.515,Bearish,Supertrend and JMA are bearish
2024-10-15T13:50:05.315395,5s,2024-10-15T13:50:00,51895.9,51901.8,51895.25,51900.9,51906.86,-1.0,51898.76,1.0,51898.630000000005,Neutral,
2024-10-15T13:50:10.508067,5s,2024-10-15T13:50:05,51900.75,51902.3,51898.5,51898.7,51906.86,-1.0,51899.0,1.0,51898.645000000004,Neutral,
2024-10-15T13:50:15.053638,5s,2024-10-15T13:50:10,51901.05,51901.05,51898.95,51899.05,51906.86,-1.0,51899.09,1.0,51898.74500000001,Neutral,
2024-10-15T13:50:20.312450,5s,2024-10-15T13:50:15,51899.85,51901.7,51898.55,51898.7,51906.86,-1.0,51899.0,-1.0,51899.01500000001,Bearish,Supertrend and JMA are bearish
2024-10-15T13:50:25.323069,5s,2024-10-15T13:50:20,51899.05,51901.05,51897.15,51899.1,51906.71,-1.0,51898.99,-1.0,51898.935,Bearish,Supertrend and JMA are bearish
2024-10-15T13:50:30.408679,5s,2024-10-15T13:50:25,51900.5,51901.5,51897.55,51898.25,51906.71,-1.0,51898.78,-1.0,51898.88,Bearish,Supertrend and JMA are bearish
2024-10-15T13:50:35.212669,5s,2024-10-15T13:50:30,51892.7,51899.1,51887.0,51888.6,51906.25,-1.0,51895.8,-1.0,51897.744999999995,Bearish,Supertrend and JMA are bearish
2024-10-15T13:50:40.192425,5s,2024-10-15T13:50:35,51890.15,51891.25,51882.55,51884.1,51901.5,-1.0,51891.15,-1.0,51896.329999999994,Bearish,Supertrend and JMA are bearish
2024-10-15T13:50:45.558507,5s,2024-10-15T13:50:40,51884.5,51889.75,51884.5,51889.75,51900.63,-1.0,51888.8,-1.0,51895.42999999999,Bearish,Supertrend and JMA are bearish
2024-10-15T13:50:50.137197,5s,2024-10-15T13:50:45,51889.7,51892.4,51888.25,51891.7,51900.63,-1.0,51888.74,-1.0,51894.885,Bearish,Supertrend and JMA are bearish
2024-10-15T13:50:55.071272,5s,2024-10-15T13:50:50,51891.75,51894.95,51891.0,51892.9,51900.63,-1.0,51889.9,1.0,51894.08500000001,Neutral,
2024-10-15T13:51:00.104529,5s,2024-10-15T13:50:55,51889.65,51892.25,51888.05,51890.65,51900.37,-1.0,51890.51,1.0,51893.280000000006,Neutral,
2024-10-15T13:51:05.616388,5s,2024-10-15T13:51:00,51889.7,51894.2,51889.7,51893.45,51900.37,-1.0,51891.48,1.0,51892.72000000001,Neutral,
2024-10-15T13:51:10.203700,5s,2024-10-15T13:51:05,51893.5,51893.75,51891.9,51893.75,51900.37,-1.0,51892.49,1.0,51892.225000000006,Neutral,
2024-10-15T13:51:15.441659,5s,2024-10-15T13:51:10,51893.3,51897.15,51891.55,51891.6,51900.37,-1.0,51892.62,1.0,51891.475000000006,Neutral,
2024-10-15T13:51:20.586203,5s,2024-10-15T13:51:15,51888.15,51893.5,51886.7,51893.5,51900.37,-1.0,51892.88,1.0,51891.0,Neutral,
2024-10-15T13:51:25.027472,5s,2024-10-15T13:51:20,51892.05,51896.65,51892.05,51895.5,51900.37,-1.0,51893.75,1.0,51891.689999999995,Neutral,
2024-10-15T13:51:30.485728,5s,2024-10-15T13:51:25,51897.35,51900.05,51894.8,51899.5,51900.37,-1.0,51895.77,1.0,51893.229999999996,Neutral,
2024-10-15T13:51:35.266994,5s,2024-10-15T13:51:30,51899.25,51905.65,51898.75,51905.65,51890.8,1.0,51899.46,1.0,51894.82,Bullish,Supertrend and JMA are bullish
2024-10-15T13:51:40.395889,5s,2024-10-15T13:51:35,51904.95,51906.05,51899.75,51899.75,51891.1,1.0,51901.12,1.0,51895.625,Bullish,Supertrend and JMA are bullish
2024-10-15T13:51:45.160452,5s,2024-10-15T13:51:40,51899.65,51905.3,51899.65,51903.9,51891.1,1.0,51902.54,1.0,51896.725000000006,Bullish,Supertrend and JMA are bullish
2024-10-15T13:51:50.206860,5s,2024-10-15T13:51:45,51905.45,51905.45,51895.7,51901.35,51891.1,1.0,51902.85,1.0,51897.795,Bullish,Supertrend and JMA are bullish
2024-10-15T13:51:55.230481,5s,2024-10-15T13:51:50,51901.3,51901.3,51896.55,51896.55,51891.1,1.0,51901.23,-1.0,51898.104999999996,Neutral,
2024-10-15T13:52:00.032003,5s,2024-10-15T13:51:55,51898.3,51900.8,51897.6,51897.95,51891.1,1.0,51899.65,-1.0,51898.525,Neutral,
2024-10-15T13:52:05.207343,5s,2024-10-15T13:52:00,51899.7,51900.85,51897.75,51897.75,51891.1,1.0,51899.43,-1.0,51899.14,Neutral,
2024-10-15T13:52:10.117424,5s,2024-10-15T13:52:05,51898.05,51898.2,51894.9,51896.8,51891.1,1.0,51898.31,-1.0,51899.469999999994,Neutral,
2024-10-15T13:52:15.167431,5s,2024-10-15T13:52:10,51896.45,51899.0,51896.45,51899.0,51891.1,1.0,51898.06,-1.0,51899.82,Neutral,
2024-10-15T13:52:20.181301,5s,2024-10-15T13:52:15,51895.65,51899.4,51894.9,51896.2,51891.1,1.0,51897.46,-1.0,51899.490000000005,Neutral,
2024-10-15T13:52:25.128741,5s,2024-10-15T13:52:20,51895.95,51898.8,51895.55,51896.85,51891.1,1.0,51897.0,-1.0,51898.61,Neutral,
2024-10-15T13:52:30.173147,5s,2024-10-15T13:52:25,51897.05,51900.2,51893.5,51900.2,51891.1,1.0,51897.71,1.0,51898.655,Bullish,Supertrend and JMA are bullish
2024-10-15T13:52:35.143327,5s,2024-10-15T13:52:30,51907.15,51911.45,51904.6,51909.95,51894.23,1.0,51901.5,1.0,51899.259999999995,Bullish,Supertrend and JMA are bullish
2024-10-15T13:52:40.136425,5s,2024-10-15T13:52:35,51909.85,51914.45,51907.65,51909.3,51897.32,1.0,51905.36,1.0,51900.055,Bullish,Supertrend and JMA are bullish
2024-10-15T13:52:45.064971,5s,2024-10-15T13:52:40,51908.9,51912.8,51908.9,51911.1,51899.1,1.0,51908.53,1.0,51901.509999999995,Bullish,Supertrend and JMA are bullish
2024-10-15T13:52:50.196018,5s,2024-10-15T13:52:45,51909.4,51913.45,51908.05,51908.35,51899.31,1.0,51909.78,1.0,51902.549999999996,Bullish,Supertrend and JMA are bullish
2024-10-15T13:52:55.361029,5s,2024-10-15T13:52:50,51907.3,51910.6,51905.6,51905.6,51899.31,1.0,51909.1,-1.0,51903.33499999999,Neutral,
2024-10-15T13:53:00.210793,5s,2024-10-15T13:52:55,51903.9,51906.9,51898.15,51898.15,51915.66,-1.0,51905.75,-1.0,51903.469999999994,Bearish,Supertrend and JMA are bearish
2024-10-15T13:53:05.242368,5s,2024-10-15T13:53:00,51902.35,51905.75,51891.3,51891.4,51915.66,-1.0,51900.32,-1.0,51902.71,Bearish,Supertrend and JMA are bearish
2024-10-15T13:53:10.264631,5s,2024-10-15T13:53:05,51890.05,51898.25,51890.05,51898.25,51911.88,-1.0,51897.52,-1.0,51902.915,Bearish,Supertrend and JMA are bearish
2024-10-15T13:53:15.197173,5s,2024-10-15T13:53:10,51890.9,51899.8,51890.9,51894.95,51911.88,-1.0,51895.79,-1.0,51902.725000000006,Bearish,Supertrend and JMA are bearish
2024-10-15T13:53:20.191998,5s,2024-10-15T13:53:15,51897.0,51899.4,51893.8,51894.25,51911.88,-1.0,51894.62,-1.0,51902.130000000005,Bearish,Supertrend and JMA are bearish
2024-10-15T13:53:25.150288,5s,2024-10-15T13:53:20,51894.9,51898.0,51892.5,51892.5,51909.3,-1.0,51893.46,-1.0,51900.385,Bearish,Supertrend and JMA are bearish
2024-10-15T13:53:30.100318,5s,2024-10-15T13:53:25,51890.6,51892.55,51889.95,51890.85,51902.35,-1.0,51892.15,-1.0,51898.53999999999,Bearish,Supertrend and JMA are bearish
2024-10-15T13:53:35.351913,5s,2024-10-15T13:53:30,51892.0,51893.7,51889.3,51890.85,51901.83,-1.0,51891.15,-1.0,51896.515,Bearish,Supertrend and JMA are bearish
2024-10-15T13:53:40.226967,5s,2024-10-15T13:53:35,51892.75,51895.15,51887.2,51888.6,51901.83,-1.0,51889.95,-1.0,51894.53999999999,Bearish,Supertrend and JMA are bearish
2024-10-15T13:53:45.230984,5s,2024-10-15T13:53:40,51889.05,51890.15,51886.0,51887.45,51898.97,-1.0,51888.66,-1.0,51892.72499999999,Bearish,Supertrend and JMA are bearish
2024-10-15T13:53:50.260587,5s,2024-10-15T13:53:45,51888.2,51888.4,51880.3,51881.6,51897.01,-1.0,51886.06,-1.0,51891.06999999999,Bearish,Supertrend and JMA are bearish
2024-10-15T13:53:55.293904,5s,2024-10-15T13:53:50,51885.7,51886.5,51881.55,51884.0,51895.77,-1.0,51884.29,-1.0,51890.33,Bearish,Supertrend and JMA are bearish
2024-10-15T13:54:00.202535,5s,2024-10-15T13:53:55,51881.75,51885.25,51881.4,51884.65,51893.72,-1.0,51883.64,-1.0,51888.97,Bearish,Supertrend and JMA are bearish
2024-10-15T13:54:05.538373,5s,2024-10-15T13:54:00,51885.5,51885.5,51879.8,51883.05,51893.38,-1.0,51883.17,-1.0,51887.78,Bearish,Supertrend and JMA are bearish
2024-10-15T13:54:10.425042,5s,2024-10-15T13:54:05,51883.7,51887.05,51883.7,51887.05,51893.38,-1.0,51883.99,1.0,51887.06,Neutral,
2024-10-15T13:54:15.543403,5s,2024-10-15T13:54:10,51886.6,51892.5,51885.4,51887.9,51893.38,-1.0,51885.41,1.0,51886.6,Neutral,
2024-10-15T13:54:20.361987,5s,2024-10-15T13:54:15,51895.05,51895.05,51887.95,51888.35,51893.38,-1.0,51886.77,1.0,51886.35,Neutral,
2024-10-15T13:54:25.160817,5s,2024-10-15T13:54:20,51888.05,51891.65,51886.1,51889.05,51893.38,-1.0,51887.93,1.0,51886.17,Neutral,
2024-10-15T13:54:30.180659,5s,2024-10-15T13:54:25,51888.1,51891.0,51887.55,51887.55,51893.38,-1.0,51888.27,1.0,51886.064999999995,Neutral,
2024-10-15T13:54:35.101404,5s,2024-10-15T13:54:30,51889.1,51893.75,51887.45,51889.95,51893.38,-1.0,51888.87,1.0,51886.314999999995,Neutral,
2024-10-15T13:54:40.148641,5s,2024-10-15T13:54:35,51891.0,51891.0,51881.5,51881.5,51893.38,-1.0,51887.11,-1.0,51886.305,Bearish,Supertrend and JMA are bearish
2024-10-15T13:54:45.541391,5s,2024-10-15T13:54:40,51882.35,51891.4,51882.15,51887.65,51893.38,-1.0,51886.45,-1.0,51886.67,Bearish,Supertrend and JMA are bearish
2024-10-15T13:54:50.189737,5s,2024-10-15T13:54:45,51889.35,51893.45,51888.75,51892.5,51893.38,-1.0,51887.99,1.0,51887.455,Neutral,
2024-10-15T13:54:55.075429,5s,2024-10-15T13:54:50,51894.2,51895.1,51892.15,51892.15,51893.38,-1.0,51889.89,1.0,51888.365000000005,Neutral,
2024-10-15T13:55:00.575236,5s,2024-10-15T13:54:55,51892.55,51900.25,51892.55,51896.85,51883.31,1.0,51892.63,1.0,51889.345,Bullish,Supertrend and JMA are bullish
2024-10-15T13:55:05.462591,5s,2024-10-15T13:55:00,51897.05,51901.75,51896.35,51898.85,51886.73,1.0,51895.55,1.0,51890.44,Bullish,Supertrend and JMA are bullish
2024-10-15T13:55:10.267510,5s,2024-10-15T13:55:05,51901.6,51902.7,51897.6,51898.6,51888.53,1.0,51897.64,1.0,51891.46499999999,Bullish,Supertrend and JMA are bullish
2024-10-15T13:55:15.187278,5s,2024-10-15T13:55:10,51897.85,51906.55,51897.25,51904.6,51888.53,1.0,51900.49,1.0,51893.01999999999,Bullish,Supertrend and JMA are bullish
2024-10-15T13:55:20.497860,5s,2024-10-15T13:55:15,51901.05,51904.8,51899.9,51903.3,51889.79,1.0,51902.57,1.0,51894.59499999999,Bullish,Supertrend and JMA are bullish
2024-10-15T13:55:25.191350,5s,2024-10-15T13:55:20,51902.9,51910.65,51900.3,51905.2,51890.2,1.0,51904.22,1.0,51896.119999999995,Bullish,Supertrend and JMA are bullish
2024-10-15T13:55:30.418753,5s,2024-10-15T13:55:25,51899.35,51905.55,51898.75,51903.8,51890.2,1.0,51904.87,1.0,51898.34999999999,Bullish,Supertrend and JMA are bullish
2024-10-15T13:55:35.091857,5s,2024-10-15T13:55:30,51903.35,51911.45,51903.35,51907.6,51892.19,1.0,51905.98,1.0,51900.344999999994,Bullish,Supertrend and JMA are bullish
2024-10-15T13:55:40.420092,5s,2024-10-15T13:55:35,51908.2,51909.75,51906.0,51906.5,51895.23,1.0,51907.22,1.0,51901.745,Bullish,Supertrend and JMA are bullish
2024-10-15T13:55:45.104070,5s,2024-10-15T13:55:40,51907.05,51911.6,51903.35,51907.3,51895.23,1.0,51907.63,1.0,51903.259999999995,Bullish,Supertrend and JMA are bullish
2024-10-15T13:55:50.383271,5s,2024-10-15T13:55:45,51912.65,51916.6,51910.05,51912.65,51897.84,1.0,51909.29,1.0,51904.84,Bullish,Supertrend and JMA are bullish
2024-10-15T13:55:55.100376,5s,2024-10-15T13:55:50,51912.5,51915.95,51909.0,51913.55,51897.84,1.0,51911.31,1.0,51906.31,Bullish,Supertrend and JMA are bullish
2024-10-15T13:56:00.356397,5s,2024-10-15T13:55:55,51911.9,51916.45,51910.25,51916.45,51899.25,1.0,51913.66,1.0,51908.095,Bullish,Supertrend and JMA are bullish
2024-10-15T13:56:05.101261,5s,2024-10-15T13:56:00,51909.3,51910.0,51905.25,51905.25,51899.25,1.0,51912.31,-1.0,51908.16,Neutral,
2024-10-15T13:56:10.344759,5s,2024-10-15T13:56:05,51906.25,51906.25,51893.95,51896.05,51919.55,-1.0,51907.06,-1.0,51907.435000000005,Bearish,Supertrend and JMA are bearish
2024-10-15T13:56:15.178887,5s,2024-10-15T13:56:10,51895.35,51897.45,51893.65,51894.2,51911.05,-1.0,51901.22,-1.0,51906.33500000001,Bearish,Supertrend and JMA are bearish
2024-10-15T13:56:20.282431,5s,2024-10-15T13:56:15,51896.7,51897.35,51894.35,51897.35,51908.28,-1.0,51897.8,-1.0,51905.69,Bearish,Supertrend and JMA are bearish
2024-10-15T13:56:25.132381,5s,2024-10-15T13:56:20,51896.55,51898.0,51895.1,51897.0,51906.77,-1.0,51896.26,-1.0,51904.63,Bearish,Supertrend and JMA are bearish
2024-10-15T13:56:30.120984,5s,2024-10-15T13:56:25,51899.75,51904.85,51898.75,51901.55,51906.77,-1.0,51897.11,1.0,51904.134999999995,Neutral,
2024-10-15T13:56:35.110403,5s,2024-10-15T13:56:30,51901.4,51904.4,51901.4,51903.55,51906.77,-1.0,51899.25,1.0,51903.759999999995,Neutral,
2024-10-15T13:56:40.578673,5s,2024-10-15T13:56:35,51903.9,51904.4,51898.8,51899.65,51906.77,-1.0,51900.15,1.0,51902.46,Neutral,
2024-10-15T13:56:45.098633,5s,2024-10-15T13:56:40,51897.45,51900.35,51887.1,51894.35,51906.77,-1.0,51898.72,-1.0,51900.54,Bearish,Supertrend and JMA are bearish
2024-10-15T13:56:50.540156,5s,2024-10-15T13:56:45,51894.7,51897.55,51892.1,51893.5,51906.77,-1.0,51896.53,-1.0,51898.245,Bearish,Supertrend and JMA are bearish
2024-10-15T13:56:55.292798,5s,2024-10-15T13:56:50,51892.15,51893.95,51888.65,51888.7,51904.27,-1.0,51893.39,-1.0,51896.590000000004,Bearish,Supertrend and JMA are bearish
2024-10-15T13:57:00.498702,5s,2024-10-15T13:56:55,51889.35,51893.35,51889.35,51892.6,51903.1,-1.0,51891.83,-1.0,51896.244999999995,Bearish,Supertrend and JMA are bearish
2024-10-15T13:57:05.277100,5s,2024-10-15T13:57:00,51892.55,51896.7,51886.9,51886.9,51903.1,-1.0,51889.82,-1.0,51895.515,Bearish,Supertrend and JMA are bearish
2024-10-15T13:57:10.559318,5s,2024-10-15T13:57:05,51886.05,51886.05,51872.75,51881.25,51898.41,-1.0,51886.47,-1.0,51893.905,Bearish,Supertrend and JMA are bearish
2024-10-15T13:57:15.115102,5s,2024-10-15T13:57:10,51878.8,51885.65,51878.4,51884.3,51898.41,-1.0,51884.36,-1.0,51892.634999999995,Bearish,Supertrend and JMA are bearish
2024-10-15T13:57:20.429472,5s,2024-10-15T13:57:15,51886.65,51889.35,51884.2,51887.6,51898.41,-1.0,51884.39,1.0,51891.24,Neutral,
2024-10-15T13:57:25.434184,5s,2024-10-15T13:57:20,51885.45,51887.4,51883.65,51886.75,51898.23,-1.0,51885.05,1.0,51889.56,Neutral,
2024-10-15T13:57:30.084482,5s,2024-10-15T13:57:25,51886.4,51887.95,51875.65,51875.65,51898.23,-1.0,51882.55,-1.0,51887.159999999996,Bearish,Supertrend and JMA are bearish
2024-10-15T13:57:35.544131,5s,2024-10-15T13:57:30,51873.35,51880.15,51873.35,51877.85,51892.4,-1.0,51879.97,-1.0,51885.509999999995,Bearish,Supertrend and JMA are bearish
2024-10-15T13:57:40.057653,5s,2024-10-15T13:57:35,51875.7,51882.45,51875.7,51879.1,51892.4,-1.0,51878.63,-1.0,51884.06999999999,Bearish,Supertrend and JMA are bearish
2024-10-15T13:57:45.126422,5s,2024-10-15T13:57:40,51876.05,51876.05,51855.1,51858.65,51891.53,-1.0,51872.4,-1.0,51881.065,Bearish,Supertrend and JMA are bearish
2024-10-15T13:57:50.160169,5s,2024-10-15T13:57:45,51860.55,51865.9,51854.5,51861.6,51885.1,-1.0,51866.5,-1.0,51877.965,Bearish,Supertrend and JMA are bearish
2024-10-15T13:57:55.197544,5s,2024-10-15T13:57:50,51864.2,51866.7,51858.65,51860.9,51884.64,-1.0,51862.46,-1.0,51875.365,Bearish,Supertrend and JMA are bearish
2024-10-15T13:58:00.148000,5s,2024-10-15T13:57:55,51861.7,51865.95,51858.35,51864.3,51881.86,-1.0,51861.28,-1.0,51873.67,Bearish,Supertrend and JMA are bearish
2024-10-15T13:58:05.083126,5s,2024-10-15T13:58:00,51866.1,51872.75,51864.7,51872.75,51881.86,-1.0,51863.98,1.0,51872.515,Neutral,
2024-10-15T13:58:10.250553,5s,2024-10-15T13:58:05,51869.5,51878.85,51869.05,51875.65,51881.86,-1.0,51868.34,1.0,51871.32,Neutral,
2024-10-15T13:58:15.187634,5s,2024-10-15T13:58:10,51877.65,51882.25,51876.8,51879.75,51881.86,-1.0,51873.23,1.0,51870.62,Neutral,
2024-10-15T13:58:20.051221,5s,2024-10-15T13:58:15,51879.3,51880.3,51878.35,51880.0,51881.86,-1.0,51877.05,1.0,51871.05500000001,Neutral,
2024-10-15T13:58:25.472699,5s,2024-10-15T13:58:20,51878.7,51880.55,51876.35,51879.7,51881.86,-1.0,51879.29,1.0,51871.240000000005,Neutral,
2024-10-15T13:58:30.286296,5s,2024-10-15T13:58:25,51879.4,51884.8,51877.8,51881.3,51881.86,-1.0,51880.77,1.0,51871.46000000001,Neutral,
2024-10-15T13:58:35.060672,5s,2024-10-15T13:58:30,51882.65,51883.95,51878.45,51883.75,51869.41,1.0,51882.29,1.0,51873.969999999994,Bullish,Supertrend and JMA are bullish
2024-10-15T13:58:40.139389,5s,2024-10-15T13:58:35,51883.6,51883.6,51877.7,51877.9,51869.41,1.0,51881.78,-1.0,51875.6,Neutral,
2024-10-15T13:58:45.431483,5s,2024-10-15T13:58:40,51878.8,51880.4,51876.85,51876.85,51869.41,1.0,51880.19,-1.0,51877.195,Neutral,
2024-10-15T13:58:50.160069,5s,2024-10-15T13:58:45,51877.5,51878.25,51873.3,51873.3,51869.41,1.0,51877.66,-1.0,51878.094999999994,Neutral,
2024-10-15T13:58:55.092884,5s,2024-10-15T13:58:50,51874.05,51875.1,51870.55,51871.5,51869.41,1.0,51874.91,-1.0,51877.969999999994,Neutral,
2024-10-15T13:59:00.474119,5s,2024-10-15T13:58:55,51872.35,51876.7,51871.25,51873.2,51869.41,1.0,51873.34,-1.0,51877.725,Neutral,
2024-10-15T13:59:05.055644,5s,2024-10-15T13:59:00,51875.3,51875.3,51868.7,51871.4,51869.41,1.0,51872.19,-1.0,51876.89,Neutral,
2024-10-15T13:59:10.138325,5s,2024-10-15T13:59:05,51871.5,51875.9,51871.5,51875.0,51869.41,1.0,51872.49,1.0,51876.39,Bullish,Supertrend and JMA are bullish
2024-10-15T13:59:15.089561,5s,2024-10-15T13:59:10,51872.15,51875.5,51872.15,51874.55,51869.41,1.0,51873.19,1.0,51875.87500000001,Bullish,Supertrend and JMA are bullish
2024-10-15T13:59:20.137571,5s,2024-10-15T13:59:15,51877.8,51877.8,51865.5,51865.5,51882.63,-1.0,51871.26,-1.0,51874.295,Bearish,Supertrend and JMA are bearish
2024-10-15T13:59:25.042330,5s,2024-10-15T13:59:20,51862.2,51866.35,51858.9,51866.35,51877.15,-1.0,51868.91,-1.0,51872.555,Bearish,Supertrend and JMA are bearish
2024-10-15T13:59:30.028714,5s,2024-10-15T13:59:25,51862.15,51865.15,51859.35,51865.15,51876.6,-1.0,51866.86,-1.0,51871.28,Bearish,Supertrend and JMA are bearish
2024-10-15T13:59:35.505657,5s,2024-10-15T13:59:30,51864.85,51864.85,51858.35,51859.3,51875.7,-1.0,51863.86,-1.0,51869.525,Bearish,Supertrend and JMA are bearish
2024-10-15T13:59:40.537347,5s,2024-10-15T13:59:35,51859.25,51864.9,51857.3,51861.6,51875.57,-1.0,51861.89,-1.0,51868.354999999996,Bearish,Supertrend and JMA are bearish
2024-10-15T13:59:45.272900,5s,2024-10-15T13:59:40,51861.8,51867.7,51861.65,51866.7,51875.57,-1.0,51862.43,1.0,51867.875,Neutral,
2024-10-15T13:59:50.290096,5s,2024-10-15T13:59:45,51869.55,51869.55,51865.6,51866.05,51875.57,-1.0,51863.69,1.0,51867.159999999996,Neutral,
2024-10-15T13:59:55.116474,5s,2024-10-15T13:59:50,51866.1,51866.9,51863.55,51865.85,51875.31,-1.0,51864.73,1.0,51866.604999999996,Neutral,
2024-10-15T14:00:00.387784,5s,2024-10-15T13:59:55,51862.45,51863.25,51857.15,51857.15,51872.72,-1.0,51862.91,-1.0,51864.81999999999,Bearish,Supertrend and JMA are bearish
2024-10-15T14:00:05.160251,5s,2024-10-15T14:00:00,51861.7,51868.4,51861.7,51865.2,51872.72,-1.0,51862.66,-1.0,51863.884999999995,Bearish,Supertrend and JMA are bearish
2024-10-15T14:00:10.038181,5s,2024-10-15T14:00:05,51866.85,51867.65,51862.35,51867.15,51872.72,-1.0,51863.9,1.0,51864.05,Neutral,
2024-10-15T14:00:15.181794,5s,2024-10-15T14:00:10,51867.2,51876.05,51866.15,51876.05,51855.8,1.0,51866.94,1.0,51865.020000000004,Bullish,Supertrend and JMA are bullish
2024-10-15T14:00:20.367133,5s,2024-10-15T14:00:15,51875.1,51876.3,51866.7,51870.45,51855.8,1.0,51869.62,1.0,51865.55,Bullish,Supertrend and JMA are bullish
2024-10-15T14:00:25.376924,5s,2024-10-15T14:00:20,51871.05,51876.0,51871.05,51871.5,51857.9,1.0,51871.16,1.0,51866.770000000004,Bullish,Supertrend and JMA are bullish
2024-10-15T14:00:30.096789,5s,2024-10-15T14:00:25,51871.05,51873.35,51869.45,51869.45,51858.38,1.0,51871.29,1.0,51867.55500000001,Bullish,Supertrend and JMA are bullish
2024-10-15T14:00:35.173072,5s,2024-10-15T14:00:30,51870.5,51871.2,51865.2,51865.2,51858.38,1.0,51869.62,-1.0,51867.405000000006,Neutral,
2024-10-15T14:00:40.145064,5s,2024-10-15T14:00:35,51865.3,51867.75,51864.2,51866.5,51858.38,1.0,51868.03,-1.0,51867.450000000004,Neutral,
2024-10-15T14:00:45.031819,5s,2024-10-15T14:00:40,51868.8,51871.05,51867.45,51867.45,51858.97,1.0,51867.31,-1.0,51867.61,Neutral,
2024-10-15T14:00:50.090310,5s,2024-10-15T14:00:45,51869.4,51871.0,51866.6,51868.2,51859.02,1.0,51867.33,1.0,51868.71500000001,Bullish,Supertrend and JMA are bullish
2024-10-15T14:00:55.461454,5s,2024-10-15T14:00:50,51868.0,51870.15,51866.2,51866.2,51859.02,1.0,51867.04,-1.0,51868.81500000001,Neutral,
2024-10-15T14:01:00.446183,5s,2024-10-15T14:00:55,51868.5,51874.45,51868.5,51869.85,51859.87,1.0,51867.69,1.0,51869.08500000001,Bullish,Supertrend and JMA are bullish
2024-10-15T14:01:05.179314,5s,2024-10-15T14:01:00,51866.2,51872.1,51863.85,51869.85,51859.87,1.0,51868.59,1.0,51868.465,Bullish,Supertrend and JMA are bullish
2024-10-15T14:01:10.608461,5s,2024-10-15T14:01:05,51863.5,51868.3,51861.45,51865.3,51859.87,1.0,51868.02,-1.0,51867.95,Neutral,
2024-10-15T14:01:15.382982,5s,2024-10-15T14:01:10,51865.65,51865.65,51859.65,51859.65,51876.27,-1.0,51865.34,-1.0,51866.765,Bearish,Supertrend and JMA are bearish
2024-10-15T14:01:20.452630,5s,2024-10-15T14:01:15,51866.9,51872.3,51862.75,51867.85,51876.27,-1.0,51864.89,-1.0,51866.604999999996,Bearish,Supertrend and JMA are bearish
2024-10-15T14:01:25.432543,5s,2024-10-15T14:01:20,51867.0,51872.2,51864.9,51864.9,51876.27,-1.0,51864.82,-1.0,51866.575,Bearish,Supertrend and JMA are bearish
2024-10-15T14:01:30.284146,5s,2024-10-15T14:01:25,51868.0,51872.35,51864.6,51872.35,51876.27,-1.0,51866.91,1.0,51867.159999999996,Neutral,
2024-10-15T14:01:35.203947,5s,2024-10-15T14:01:30,51872.0,51876.45,51869.75,51876.45,51857.84,1.0,51870.52,1.0,51868.060000000005,Bullish,Supertrend and JMA are bullish
2024-10-15T14:01:40.534572,5s,2024-10-15T14:01:35,51877.25,51882.65,51876.35,51882.5,51865.13,1.0,51875.41,1.0,51869.490000000005,Bullish,Supertrend and JMA are bullish
2024-10-15T14:01:45.534388,5s,2024-10-15T14:01:40,51882.25,51882.55,51878.95,51880.2,51868.77,1.0,51878.81,1.0,51870.89,Bullish,Supertrend and JMA are bullish
2024-10-15T14:01:50.437294,5s,2024-10-15T14:01:45,51879.4,51883.4,51879.4,51882.2,51870.74,1.0,51881.14,1.0,51872.125,Bullish,Supertrend and JMA are bullish
2024-10-15T14:01:55.440874,5s,2024-10-15T14:01:50,51881.85,51883.6,51880.1,51881.95,51872.41,1.0,51882.38,1.0,51873.33500000001,Bullish,Supertrend and JMA are bullish
2024-10-15T14:02:00.406324,5s,2024-10-15T14:01:55,51880.5,51882.65,51880.1,51880.1,51873.38,1.0,51882.32,-1.0,51874.815,Neutral,
2024-10-15T14:02:05.201997,5s,2024-10-15T14:02:00,51883.1,51883.3,51879.05,51881.8,51873.38,1.0,51882.24,-1.0,51877.03,Neutral,
2024-10-15T14:02:10.069366,5s,2024-10-15T14:02:05,51885.5,51887.45,51883.0,51887.05,51876.02,1.0,51883.69,1.0,51878.95,Bullish,Supertrend and JMA are bullish
2024-10-15T14:02:15.409167,5s,2024-10-15T14:02:10,51885.1,51891.3,51885.1,51890.2,51877.93,1.0,51886.29,1.0,51881.479999999996,Bullish,Supertrend and JMA are bullish
2024-10-15T14:02:20.193659,5s,2024-10-15T14:02:15,51891.95,51891.95,51886.55,51890.35,51878.8,1.0,51888.6,1.0,51883.27999999999,Bullish,Supertrend and JMA are bullish
2024-10-15T14:02:25.143982,5s,2024-10-15T14:02:20,51889.6,51896.05,51888.4,51891.55,51880.16,1.0,51890.42,1.0,51884.78999999999,Bullish,Supertrend and JMA are bullish
2024-10-15T14:02:30.381053,5s,2024-10-15T14:02:25,51890.3,51894.4,51886.35,51891.45,51880.16,1.0,51891.52,1.0,51885.685,Bullish,Supertrend and JMA are bullish
2024-10-15T14:02:35.274256,5s,2024-10-15T14:02:30,51890.55,51895.1,51889.9,51892.3,51880.16,1.0,51892.25,1.0,51886.895,Bullish,Supertrend and JMA are bullish
2024-10-15T14:02:40.130091,5s,2024-10-15T14:02:35,51892.45,51893.95,51883.6,51883.6,51880.16,1.0,51890.17,-1.0,51887.03499999999,Neutral,
2024-10-15T14:02:45.129466,5s,2024-10-15T14:02:40,51888.3,51890.0,51884.65,51889.55,51880.16,1.0,51889.13,-1.0,51887.795,Neutral,
2024-10-15T14:02:50.473374,5s,2024-10-15T14:02:45,51887.0,51892.6,51887.0,51892.2,51880.16,1.0,51889.71,1.0,51889.005,Bullish,Supertrend and JMA are bullish
2024-10-15T14:02:55.340062,5s,2024-10-15T14:02:50,51888.95,51895.4,51888.95,51890.25,51880.16,1.0,51890.2,1.0,51889.85,Bullish,Supertrend and JMA are bullish
2024-10-15T14:03:00.533419,5s,2024-10-15T14:02:55,51894.1,51894.1,51885.25,51886.5,51880.16,1.0,51889.34,-1.0,51889.795,Neutral,
2024-10-15T14:03:05.420567,5s,2024-10-15T14:03:00,51885.85,51891.5,51884.85,51888.45,51880.16,1.0,51888.69,-1.0,51889.62,Neutral,
2024-10-15T14:03:10.573676,5s,2024-10-15T14:03:05,51888.8,51892.5,51888.65,51891.15,51880.16,1.0,51889.15,1.0,51889.700000000004,Bullish,Supertrend and JMA are bullish
2024-10-15T14:03:15.393968,5s,2024-10-15T14:03:10,51893.15,51896.95,51889.8,51890.15,51880.49,1.0,51889.67,1.0,51889.56000000001,Bullish,Supertrend and JMA are bullish
2024-10-15T14:03:20.325109,5s,2024-10-15T14:03:15,51895.15,51895.15,51893.3,51893.3,51882.3,1.0,51890.9,1.0,51889.74500000001,Bullish,Supertrend and JMA are bullish
2024-10-15T14:03:25.472227,5s,2024-10-15T14:03:20,51892.85,51894.6,51891.25,51891.7,51882.74,1.0,51891.65,1.0,51889.685000000005,Bullish,Supertrend and JMA are bullish
2024-10-15T14:03:30.035480,5s,2024-10-15T14:03:25,51892.7,51894.2,51892.35,51892.35,51884.82,1.0,51892.14,1.0,51890.560000000005,Bullish,Supertrend and JMA are bullish
2024-10-15T14:03:35.218039,5s,2024-10-15T14:03:30,51895.75,51898.1,51893.5,51893.5,51886.33,1.0,51892.73,1.0,51890.955,Bullish,Supertrend and JMA are bullish
2024-10-15T14:03:40.433332,5s,2024-10-15T14:03:35,51895.0,51898.4,51890.8,51894.45,51886.33,1.0,51893.49,1.0,51891.18,Bullish,Supertrend and JMA are bullish
2024-10-15T14:03:45.417455,5s,2024-10-15T14:03:40,51895.1,51897.6,51887.1,51889.15,51886.33,1.0,51892.6,-1.0,51891.07,Neutral,
2024-10-15T14:03:50.312365,5s,2024-10-15T14:03:45,51889.55,51891.55,51886.4,51891.55,51886.33,1.0,51891.9,-1.0,51891.575,Neutral,
2024-10-15T14:03:55.194406,5s,2024-10-15T14:03:50,51889.65,51891.5,51883.4,51885.5,51899.7,-1.0,51889.84,-1.0,51891.280000000006,Bearish,Supertrend and JMA are bearish
2024-10-15T14:04:00.223982,5s,2024-10-15T14:03:55,51883.45,51889.1,51881.3,51881.3,51899.7,-1.0,51886.54,-1.0,51890.295,Bearish,Supertrend and JMA are bearish
2024-10-15T14:04:05.380259,5s,2024-10-15T14:04:00,51880.55,51889.75,51880.55,51886.3,51899.7,-1.0,51885.08,-1.0,51889.909999999996,Bearish,Supertrend and JMA are bearish
2024-10-15T14:04:10.279974,5s,2024-10-15T14:04:05,51890.25,51890.25,51879.1,51880.5,51899.7,-1.0,51883.18,-1.0,51888.63,Bearish,Supertrend and JMA are bearish
2024-10-15T14:04:15.310078,5s,2024-10-15T14:04:10,51884.4,51884.4,51879.9,51881.9,51897.18,-1.0,51881.98,-1.0,51887.65,Bearish,Supertrend and JMA are bearish
2024-10-15T14:04:20.094069,5s,2024-10-15T14:04:15,51886.55,51889.65,51881.95,51882.05,51897.18,-1.0,51881.47,-1.0,51886.62,Bearish,Supertrend and JMA are bearish
2024-10-15T14:04:25.096902,5s,2024-10-15T14:04:20,51883.4,51890.05,51883.4,51887.4,51897.18,-1.0,51882.89,1.0,51886.01,Neutral,
2024-10-15T14:04:30.615344,5s,2024-10-15T14:04:25,51884.8,51888.15,51884.55,51886.8,51897.18,-1.0,51884.58,1.0,51885.245,Neutral,
2024-10-15T14:04:35.098426,5s,2024-10-15T14:04:30,51887.8,51888.0,51884.95,51888.0,51896.98,-1.0,51886.17,1.0,51885.130000000005,Neutral,
2024-10-15T14:04:40.436324,5s,2024-10-15T14:04:35,51888.05,51890.35,51885.95,51887.8,51896.98,-1.0,51887.24,1.0,51884.755,Neutral,
2024-10-15T14:04:45.390356,5s,2024-10-15T14:04:40,51885.25,51891.15,51885.25,51888.0,51896.98,-1.0,51887.87,1.0,51885.005,Neutral,
2024-10-15T14:04:50.424339,5s,2024-10-15T14:04:45,51889.8,51890.6,51888.0,51889.3,51896.98,-1.0,51888.54,1.0,51885.805,Neutral,
2024-10-15T14:04:55.436000,5s,2024-10-15T14:04:50,51891.35,51893.75,51888.9,51889.8,51896.98,-1.0,51889.2,1.0,51886.155,Neutral,
2024-10-15T14:05:00.032011,5s,2024-10-15T14:04:55,51889.55,51893.65,51889.3,51893.35,51896.98,-1.0,51890.69,1.0,51887.439999999995,Neutral,
2024-10-15T14:05:05.466087,5s,2024-10-15T14:05:00,51893.55,51895.0,51890.5,51891.2,51896.98,-1.0,51891.51,1.0,51888.369999999995,Neutral,
2024-10-15T14:05:10.457524,5s,2024-10-15T14:05:05,51894.25,51898.3,51892.5,51894.95,51896.98,-1.0,51892.82,1.0,51889.659999999996,Neutral,
2024-10-15T14:05:15.189088,5s,2024-10-15T14:05:10,51891.0,51900.2,51891.0,51900.2,51884.69,1.0,51895.52,1.0,51890.94,Bullish,Supertrend and JMA are bullish
2024-10-15T14:05:20.064560,5s,2024-10-15T14:05:15,51900.1,51901.3,51894.75,51898.8,51884.81,1.0,51897.65,1.0,51892.14,Bullish,Supertrend and JMA are bullish
2024-10-15T14:05:25.183507,5s,2024-10-15T14:05:20,51896.75,51896.75,51892.15,51894.45,51884.81,1.0,51897.0,-1.0,51892.785,Neutral,
2024-10-15T14:05:30.067695,5s,2024-10-15T14:05:25,51894.15,51894.25,51886.8,51887.55,51884.81,1.0,51894.28,-1.0,51892.76,Neutral,
2024-10-15T14:05:35.301470,5s,2024-10-15T14:05:30,51887.65,51891.45,51887.05,51887.05,51884.81,1.0,51891.1,-1.0,51892.665,Neutral,
2024-10-15T14:05:40.309822,5s,2024-10-15T14:05:35,51881.55,51888.65,51881.55,51888.65,51884.81,1.0,51889.16,-1.0,51892.6,Neutral,
2024-10-15T14:05:45.166709,5s,2024-10-15T14:05:40,51884.4,51890.5,51883.9,51889.0,51884.81,1.0,51888.4,-1.0,51892.520000000004,Neutral,
2024-10-15T14:05:50.565141,5s,2024-10-15T14:05:45,51889.15,51889.9,51882.55,51886.4,51884.81,1.0,51887.53,-1.0,51891.825,Neutral,
2024-10-15T14:05:55.520332,5s,2024-10-15T14:05:50,51886.8,51887.3,51884.9,51886.3,51884.81,1.0,51886.76,-1.0,51891.33500000001,Neutral,
2024-10-15T14:06:00.054237,5s,2024-10-15T14:05:55,51883.75,51886.95,51883.4,51886.85,51884.81,1.0,51886.42,-1.0,51890.525,Neutral,
2024-10-15T14:06:05.602240,5s,2024-10-15T14:06:00,51890.15,51890.9,51883.9,51888.35,51884.81,1.0,51886.79,1.0,51889.34,Bullish,Supertrend and JMA are bullish
2024-10-15T14:06:10.280873,5s,2024-10-15T14:06:05,51890.3,51891.8,51887.0,51889.05,51884.81,1.0,51887.56,1.0,51888.36499999999,Bullish,Supertrend and JMA are bullish
2024-10-15T14:06:15.101353,5s,2024-10-15T14:06:10,51887.95,51891.65,51886.15,51891.15,51884.81,1.0,51888.86,1.0,51888.034999999996,Bullish,Supertrend and JMA are bullish
2024-10-15T14:06:20.329710,5s,2024-10-15T14:06:15,51893.7,51895.85,51888.6,51889.3,51884.81,1.0,51888.9,1.0,51888.21,Bullish,Supertrend and JMA are bullish
2024-10-15T14:06:25.400530,5s,2024-10-15T14:06:20,51890.55,51893.0,51887.85,51893.0,51884.81,1.0,51890.27,1.0,51888.805,Bullish,Supertrend and JMA are bullish
2024-10-15T14:06:30.433741,5s,2024-10-15T14:06:25,51894.05,51896.05,51891.45,51896.0,51884.81,1.0,51892.49,1.0,51889.54,Bullish,Supertrend and JMA are bullish
2024-10-15T14:06:35.485396,5s,2024-10-15T14:06:30,51893.85,51894.4,51887.75,51893.2,51884.81,1.0,51893.64,1.0,51889.96000000001,Bullish,Supertrend and JMA are bullish
2024-10-15T14:06:40.270673,5s,2024-10-15T14:06:35,51893.4,51893.4,51885.05,51885.05,51884.81,1.0,51891.64,-1.0,51889.825,Neutral,
2024-10-15T14:06:45.558964,5s,2024-10-15T14:06:40,51887.95,51893.85,51887.45,51893.85,51884.81,1.0,51891.38,-1.0,51890.58,Neutral,
2024-10-15T14:06:50.453593,5s,2024-10-15T14:06:45,51892.8,51894.25,51892.3,51893.25,51884.81,1.0,51891.95,1.0,51891.219999999994,Bullish,Supertrend and JMA are bullish
2024-10-15T14:06:55.050921,5s,2024-10-15T14:06:50,51889.1,51893.4,51888.25,51892.6,51884.81,1.0,51892.41,1.0,51891.645,Bullish,Supertrend and JMA are bullish
2024-10-15T14:07:00.129489,5s,2024-10-15T14:06:55,51893.35,51894.3,51889.15,51894.3,51884.81,1.0,51893.14,1.0,51892.17,Bullish,Supertrend and JMA are bullish
2024-10-15T14:07:05.195904,5s,2024-10-15T14:07:00,51893.35,51893.35,51889.0,51892.65,51884.81,1.0,51893.31,1.0,51892.31999999999,Bullish,Supertrend and JMA are bullish
2024-10-15T14:07:10.205378,5s,2024-10-15T14:07:05,51888.65,51891.75,51888.6,51888.6,51884.81,1.0,51892.04,-1.0,51892.24999999999,Neutral,
2024-10-15T14:07:15.333564,5s,2024-10-15T14:07:10,51890.8,51891.1,51887.15,51887.55,51884.81,1.0,51890.21,-1.0,51891.705,Neutral,
2024-10-15T14:07:20.337140,5s,2024-10-15T14:07:15,51889.1,51889.8,51885.1,51885.35,51884.81,1.0,51888.09,-1.0,51890.64,Neutral,
2024-10-15T14:07:25.338221,5s,2024-10-15T14:07:20,51885.6,51888.75,51882.25,51887.5,51884.81,1.0,51887.05,-1.0,51890.06999999999,Neutral,
2024-10-15T14:07:30.332089,5s,2024-10-15T14:07:25,51887.3,51888.4,51884.05,51888.15,51884.81,1.0,51886.96,-1.0,51890.38,Neutral,
2024-10-15T14:07:35.371389,5s,2024-10-15T14:07:30,51886.6,51888.3,51883.4,51887.75,51884.81,1.0,51887.14,1.0,51889.770000000004,Bullish,Supertrend and JMA are bullish
2024-10-15T14:07:40.280570,5s,2024-10-15T14:07:35,51887.15,51887.3,51884.15,51886.45,51884.81,1.0,51886.97,-1.0,51889.090000000004,Neutral,
2024-10-15T14:07:45.311658,5s,2024-10-15T14:07:40,51885.45,51887.1,51884.7,51886.8,51884.81,1.0,51886.79,-1.0,51888.51000000001,Neutral,
2024-10-15T14:07:50.222135,5s,2024-10-15T14:07:45,51887.05,51888.1,51886.8,51887.25,51884.81,1.0,51886.82,1.0,51887.805,Bullish,Supertrend and JMA are bullish
2024-10-15T14:07:55.217745,5s,2024-10-15T14:07:50,51884.7,51888.75,51884.7,51885.6,51884.81,1.0,51886.47,-1.0,51887.1,Neutral,
2024-10-15T14:08:00.259089,5s,2024-10-15T14:07:55,51887.95,51890.55,51885.8,51890.55,51884.81,1.0,51887.45,1.0,51887.295,Bullish,Supertrend and JMA are bullish
2024-10-15T14:08:05.445663,5s,2024-10-15T14:08:00,51890.15,51890.15,51885.55,51885.55,51884.81,1.0,51887.35,-1.0,51887.094999999994,Neutral,
2024-10-15T14:08:10.468840,5s,2024-10-15T14:08:05,51888.35,51889.15,51887.25,51887.85,51884.81,1.0,51887.39,1.0,51887.34499999999,Bullish,Supertrend and JMA are bullish
2024-10-15T14:08:15.311433,5s,2024-10-15T14:08:10,51887.35,51891.4,51887.0,51891.4,51884.81,1.0,51888.55,1.0,51887.73499999999,Bullish,Supertrend and JMA are bullish
2024-10-15T14:08:20.054063,5s,2024-10-15T14:08:15,51891.15,51891.15,51886.3,51888.85,51884.81,1.0,51889.16,1.0,51887.805,Bullish,Supertrend and JMA are bullish
2024-10-15T14:08:25.400400,5s,2024-10-15T14:08:20,51890.4,51895.05,51886.65,51894.2,51884.81,1.0,51890.59,1.0,51888.45,Bullish,Supertrend and JMA are bullish
2024-10-15T14:08:30.352920,5s,2024-10-15T14:08:25,51892.15,51896.4,51888.7,51896.4,51884.81,1.0,51892.97,1.0,51889.445,Bullish,Supertrend and JMA are bullish
2024-10-15T14:08:35.232577,5s,2024-10-15T14:08:30,51896.25,51896.65,51890.4,51894.45,51884.81,1.0,51894.4,1.0,51890.21000000001,Bullish,Supertrend and JMA are bullish
2024-10-15T14:08:40.314614,5s,2024-10-15T14:08:35,51896.25,51896.25,51892.4,51892.75,51884.81,1.0,51894.5,1.0,51890.76,Bullish,Supertrend and JMA are bullish
2024-10-15T14:08:45.162808,5s,2024-10-15T14:08:40,51893.45,51898.95,51891.6,51895.15,51884.81,1.0,51894.73,1.0,51891.71500000001,Bullish,Supertrend and JMA are bullish
2024-10-15T14:08:50.095115,5s,2024-10-15T14:08:45,51895.85,51898.0,51894.4,51895.1,51885.62,1.0,51895.01,1.0,51892.17,Bullish,Supertrend and JMA are bullish
2024-10-15T14:08:55.505578,5s,2024-10-15T14:08:50,51892.05,51898.9,51892.05,51897.75,51885.62,1.0,51896.17,1.0,51893.39,Bullish,Supertrend and JMA are bullish
2024-10-15T14:09:00.513801,5s,2024-10-15T14:08:55,51898.3,51899.8,51896.35,51899.8,51888.03,1.0,51897.66,1.0,51894.585,Bullish,Supertrend and JMA are bullish
2024-10-15T14:09:05.453036,5s,2024-10-15T14:09:00,51895.7,51902.55,51895.7,51902.55,51888.03,1.0,51899.71,1.0,51895.7,Bullish,Supertrend and JMA are bullish
2024-10-15T14:09:10.506995,5s,2024-10-15T14:09:05,51901.05,51901.05,51897.1,51898.3,51888.03,1.0,51900.2,1.0,51896.645,Bullish,Supertrend and JMA are bullish
2024-10-15T14:09:15.453806,5s,2024-10-15T14:09:10,51895.35,51901.0,51895.35,51897.4,51888.03,1.0,51899.59,-1.0,51896.965,Neutral,
2024-10-15T14:09:20.192209,5s,2024-10-15T14:09:15,51899.55,51901.25,51896.85,51901.0,51888.65,1.0,51899.76,1.0,51897.425,Bullish,Supertrend and JMA are bullish
2024-10-15T14:09:25.062722,5s,2024-10-15T14:09:20,51901.05,51901.6,51897.2,51900.5,51889.54,1.0,51900.14,1.0,51898.03,Bullish,Supertrend and JMA are bullish
2024-10-15T14:09:30.611054,5s,2024-10-15T14:09:25,51900.7,51903.35,51900.05,51903.35,51892.92,1.0,51901.46,1.0,51899.09,Bullish,Supertrend and JMA are bullish
2024-10-15T14:09:35.426078,5s,2024-10-15T14:09:30,51902.9,51902.9,51899.3,51900.9,51892.92,1.0,51901.82,1.0,51899.665,Bullish,Supertrend and JMA are bullish
2024-10-15T14:09:40.256290,5s,2024-10-15T14:09:35,51900.6,51900.6,51897.4,51899.2,51892.92,1.0,51901.21,-1.0,51900.075000000004,Neutral,
